storyId,chapterOrder,text,imagePath,decision1Text,decision1Next,decision2Text,decision2Next
S001,1,"Story S001, Chapter 1: In the early light of dawn, you awaken in a mysterious forest where every rustle of the leaves whispers ancient secrets. The air is thick with enchantment and the promise of discovery. You feel both excitement and trepidation as you take your first step into this forgotten realm.","S001C01.jpg","Choose the daring path at Chapter 1",2,"Opt for the cautious route at Chapter 1",2
S001,2,"Story S001, Chapter 2: As you venture deeper into the forest, a fork in the road emerges beneath towering, ancient oaks. One path is cloaked in a gentle mist, while the other is bathed in soft, golden light. The atmosphere vibrates with anticipation as you decide which trail to follow.","S001C02.jpg","Choose the misty path",3,"Walk toward the golden light",3
S001,3,"Story S001, Chapter 3: You choose a path and soon arrive at a quiet glade. The serene sound of a nearby brook and the peaceful ambience provide a moment of respite, inviting you to reflect on your journey so far.","S001C03.jpg","Rest and meditate in the glade",4,"Continue without pause",4
S001,4,"Story S001, Chapter 4: Moving onward, you reach a gentle stream with crystal-clear waters reflecting the vast sky. The stream murmurs promises of rejuvenation, yet its current hints at hidden dangers, compelling you to choose wisely.","S001C04.jpg","Drink from the sparkling stream",5,"Follow the stream upstream",5
S001,5,"Story S001, Chapter 5: Along the stream, you discover ancient markings carved into a weathered stone. These mysterious symbols evoke the history of long-lost civilizations and stir your curiosity about the secrets they hold.","S001C05.jpg","Study the ancient markings",6,"Take a rubbing for later study",6
S001,6,"Story S001, Chapter 6: The forest grows denser, and shadows mingle with light in ever-changing patterns. A palpable sense of mystery accompanies every step, as if the woods themselves are guiding you forward.","S001C06.jpg","Venture deeper into the forest",7,"Stay near the forest’s edge for safety",7
S001,7,"Story S001, Chapter 7: You stumble upon an abandoned campsite. The remnants of a once-bustling camp hint at stories of survival and loss, leaving you to wonder about the lives once led here.","S001C07.jpg","Search the abandoned campsite for clues",8,"Leave the site undisturbed and continue",8
S001,8,"Story S001, Chapter 8: In the distance, mysterious sounds echo through the trees. Their origin is uncertain—perhaps the call of wild creatures, or something far more unusual. This decision could alter the course of your journey.","S001C08.jpg","Investigate the mysterious sounds",9,"Ignore the sounds and press onward",9
S001,9,"Story S001, Chapter 9: Approaching a clearing bathed in sunlight, you find the forest opens to reveal a serene, luminous landscape. The interplay of light and shadow creates a magical atmosphere that fills you with wonder.","S001C09.jpg","Step confidently into the sunlit clearing",10,"Circle the clearing and observe",10
S001,10,"Story S001, Chapter 10: Within the clearing, the trees seem to whisper forgotten secrets. Their soft murmurs speak of ancient times, and you feel that every leaf holds a clue to your destiny.","S001C10.jpg","Listen carefully to the whispering trees",11,"Quietly observe the natural chorus",11
S001,11,"Story S001, Chapter 11: Hidden among the dense foliage, a narrow, overgrown path reveals itself. This secret trail, promising hidden wonders and challenges, calls to you with an irresistible allure.","S001C11.jpg","Take the hidden path",12,"Stick to the well-trodden road",12
S001,12,"Story S001, Chapter 12: Following the secret path, you feel a mysterious pull guiding you deeper into the forest. This pull is both comforting and unnerving, urging you onward into the heart of ancient mysteries.","S001C12.jpg","Trust the mysterious pull and proceed",13,"Proceed with caution despite the pull",13
S001,13,"Story S001, Chapter 13: The forest grows silent, and the air thickens with anticipation. Every step resonates with destiny, as you begin to understand that your journey is part of a larger, cosmic tapestry.","S001C13.jpg","Push forward boldly",14,"Pause to reflect on the signs",14
S001,14,"Story S001, Chapter 14: With each step, you feel the weight of fate. The forest is alive with energy, and your choices seem to echo in the very fabric of destiny. Your decision now feels monumental.","S001C14.jpg","Embrace your fate and move forward",15,"Challenge destiny by forging your own path",15
S001,15,"Story S001, Chapter 15: At last, your journey through the ancient forest reaches its profound conclusion. The experiences and mysteries encountered have transformed you, leaving you with deep insights and a yearning for further adventure.","S001C15.jpg",,,
S002,1,"Story S002, Chapter 1: Your adventure begins in a mystical valley where the very air shimmers with enchantment. Every sound speaks of ancient lore, setting the stage for a journey of discovery and peril.","S002C01.jpg","Venture boldly into the valley",2,"Wander carefully along its borders",2
S002,2,"Story S002, Chapter 2: A sparkling river winds through the valley, its waters reflecting the rich hues of twilight. The river promises renewal yet hides unexpected dangers beneath its surface.","S002C02.jpg","Follow the river’s gentle curve",3,"Attempt to cross the shimmering water",3
S002,3,"Story S002, Chapter 3: Deep within the valley, you stumble upon a forgotten ruin. Crumbling walls and faded carvings speak of a lost civilization and secrets buried beneath the sands of time.","S002C03.jpg","Enter the mysterious ruin",4,"Examine the ruin from the outside",4
S002,4,"Story S002, Chapter 4: Ancient carvings on the ruin tell tales of heroism and despair. These inscriptions stir your imagination and hint at a legacy that may change your fate.","S002C04.jpg","Decipher the carvings",5,"Take a photograph for later study",5
S002,5,"Story S002, Chapter 5: A hidden door within the ruin beckons you to uncover its mysteries. The choice to open it could lead to lost treasures or unforeseen dangers.","S002C05.jpg","Open the hidden door",6,"Walk past the door cautiously",6
S002,6,"Story S002, Chapter 6: Inside the ruin, dark corridors echo with the voices of the past. The atmosphere is heavy with forgotten memories and the promise of hidden secrets.","S002C06.jpg","Proceed into the dark corridors",7,"Turn back to seek safety",7
S002,7,"Story S002, Chapter 7: A secret chamber unveils lost treasures, glimmering with an otherworldly light. The chamber’s beauty is matched only by its mystery.","S002C07.jpg","Collect one of the treasures",8,"Study the chamber in detail",8
S002,8,"Story S002, Chapter 8: The treasure pulses with mysterious power, and you feel an inexplicable connection to its energy. The choice now weighs heavily on your future.","S002C08.jpg","Take the treasure with you",9,"Leave the treasure untouched",9
S002,9,"Story S002, Chapter 9: As you disturb ancient magic, danger begins to stir. Shadows twist and merge, warning you of consequences beyond your control.","S002C09.jpg","Attempt to harness the magic",10,"Retreat quickly from the disturbance",10
S002,10,"Story S002, Chapter 10: Shadows and light perform a delicate dance around you, each movement hinting at the balance of fate. Your every step feels more consequential.","S002C10.jpg","Watch the interplay of shadows",11,"Follow the shifting lights",11
S002,11,"Story S002, Chapter 11: The path splits into two diverging routes, each whispering promises of glory and peril. The decision now is crucial to your destiny.","S002C11.jpg","Choose the left diverging route",12,"Choose the right diverging route",12
S002,12,"Story S002, Chapter 12: Each route beckons with visions of triumph and mystery. You sense that your choice will define the rest of your journey in this enchanted valley.","S002C12.jpg","Embrace the promise of glory",13,"Remain cautious and deliberate",13
S002,13,"Story S002, Chapter 13: With determination in your heart, you select a path that feels right. The road ahead, though uncertain, calls you to forge your own destiny.","S002C13.jpg","Commit to your chosen path",14,"Reconsider your options one last time",14
S002,14,"Story S002, Chapter 14: The journey intensifies, testing your resolve and challenging your every belief. Shadows of doubt mingle with the thrill of adventure.","S002C14.jpg","Push your limits further",15,"Hold back and conserve your strength",15
S002,15,"Story S002, Chapter 15: At long last, the valley’s secrets converge into a moment of triumph and revelation. Your adventure here leaves you changed, with memories that will last a lifetime.","S002C15.jpg",,,
S003,1,"Story S003, Chapter 1: In a land steeped in legend, your quest begins amidst the mists of time. The echoes of ancient heroes stir your soul, urging you to embark on a journey of myth and mystery.","S003C01.jpg","Follow the ancient map",2,"Trust in your instincts",2
S003,2,"Story S003, Chapter 2: Misty hills surround you, their silhouettes hiding secrets of old. The landscape is a tapestry of wonder and sorrow, each hill a silent witness to forgotten tales.","S003C02.jpg","Climb one of the misty hills",3,"Walk around the mysterious hills",3
S003,3,"Story S003, Chapter 3: A winding, overgrown path leads you into a magical forest where every rustle and whisper hints at ancient magic and hidden legacies.","S003C03.jpg","Step into the enchanted forest",4,"Follow the clear, marked trail",4
S003,4,"Story S003, Chapter 4: Deep within the forest, you discover a glimmering pond that mirrors the sky. Its surface shimmers with the reflections of a world long past.","S003C04.jpg","Sit by the pond and reflect",5,"Continue your journey without pause",5
S003,5,"Story S003, Chapter 5: The pond seems to whisper forgotten tales of love, loss, and valor. Its murmurs carry the weight of history, inviting you to listen closely.","S003C05.jpg","Listen intently to the tales",6,"Ignore the whispers and move on",6
S003,6,"Story S003, Chapter 6: On the forest path, you encounter a wise old sage whose eyes reflect centuries of wisdom. His words, though cryptic, resonate with profound truth.","S003C06.jpg","Speak with the sage",7,"Observe the sage silently",7
S003,7,"Story S003, Chapter 7: The sage offers you cryptic advice that hints at the perils and wonders lying ahead. His counsel seems to hold the key to your destiny.","S003C07.jpg","Heed the sage’s advice",8,"Challenge his cryptic words",8
S003,8,"Story S003, Chapter 8: Empowered by the sage’s wisdom, you press on. The forest now feels alive with purpose, each rustle of leaves echoing your newfound resolve.","S003C08.jpg","Walk with renewed confidence",9,"Question the wisdom you received",9
S003,9,"Story S003, Chapter 9: Dark clouds gather overhead as challenges begin to mount. The once gentle forest grows ominous, testing your determination and courage.","S003C09.jpg","Stand your ground despite the storm",10,"Seek shelter from the brewing storm",10
S003,10,"Story S003, Chapter 10: A fierce battle of wits and courage unfolds as you face both external dangers and inner doubts. Every choice you make shapes your destiny.","S003C10.jpg","Fight with unwavering honor",11,"Retreat to regroup and rethink",11
S003,11,"Story S003, Chapter 11: In the midst of battle, every decision echoes through the halls of fate. The weight of your choices becomes palpable as you carve your own destiny.","S003C11.jpg","Embrace the fate set before you",12,"Forge a new path with your own will",12
S003,12,"Story S003, Chapter 12: The forest deepens into mystery and magic. Every step you take unravels a piece of the ancient enigma that binds the land together.","S003C12.jpg","Step boldly into the unknown",13,"Turn back with caution",13
S003,13,"Story S003, Chapter 13: Your journey becomes a true test of spirit as challenges push you to your limits. The trials you face are as much about inner strength as they are about physical endurance.","S003C13.jpg","Rise to the challenge",14,"Seek the quiet strength within",14
S003,14,"Story S003, Chapter 14: In the heart of the wild, the secrets of the land slowly unravel. The intertwining of past and present reveals a tapestry of fate that is both beautiful and tragic.","S003C14.jpg","Uncover the hidden secrets",15,"Let the mysteries remain",15
S003,15,"Story S003, Chapter 15: Your quest in this legendary land reaches a powerful, fateful conclusion. The experiences you have gathered here shape your destiny forever, leaving you with wisdom and wonder.","S003C15.jpg",,,
S004,1,"Story S004, Chapter 1: A futuristic city rises before you, its neon lights and towering spires heralding a new age of innovation and intrigue. The air hums with energy as your adventure begins.","S004C01.jpg","Venture into the neon maze",2,"Walk the quiet streets",2
S004,2,"Story S004, Chapter 2: In the heart of the city, dazzling displays of technology and art blend seamlessly. Every corner reveals secrets of a world where humanity and machine coexist.","S004C02.jpg","Join the underground rebels",3,"Stay on the fringes of society",3
S004,3,"Story S004, Chapter 3: Hidden among holograms and digital billboards, you discover a secret message that could alter the course of history. Its cryptic symbols beckon you to uncover their meaning.","S004C03.jpg","Decode the secret message",4,"Ignore the digital clues",4
S004,4,"Story S004, Chapter 4: The message leads you to a clandestine meeting in a shadowy alley. Here, whispers of conspiracy and revolution echo against the neon backdrop.","S004C04.jpg","Attend the secret meeting",5,"Spy on the gathering from afar",5
S004,5,"Story S004, Chapter 5: In the murky depths of the city, conspiracies take shape. Every shadow hides a potential ally—or enemy—as you navigate a world of deception and rebellion.","S004C05.jpg","Investigate the conspiracies",6,"Avoid drawing attention",6
S004,6,"Story S004, Chapter 6: A charismatic rebel leader challenges the oppressive order. His impassioned words ignite a spark of hope that burns bright in the heart of the city.","S004C06.jpg","Support the rebel leader",7,"Remain neutral in the chaos",7
S004,7,"Story S004, Chapter 7: You join forces with the underground resistance, determined to change the course of your dystopian world. Every step is a risk in the shadow of tyranny.","S004C07.jpg","Take up arms with the rebels",8,"Offer your skills quietly",8
S004,8,"Story S004, Chapter 8: High-speed chases through rain-slicked streets and neon-lit alleys ensue. The adrenaline of rebellion pulses in every heartbeat.","S004C08.jpg","Race through the alleys",9,"Stick to the main roads",9
S004,9,"Story S004, Chapter 9: As chaos engulfs the city, the rebellion gains momentum. Every decision you make now could be the turning point in a battle for freedom.","S004C09.jpg","Charge headlong into the fray",10,"Plan a strategic withdrawal",10
S004,10,"Story S004, Chapter 10: In the dead of night, as truth and lies entwine, you make choices that will shape the future of your world. The balance of power hangs by a thread.","S004C10.jpg","Make a decisive stand",11,"Gather more intelligence",11
S004,11,"Story S004, Chapter 11: Tensions reach their zenith as rival forces clash. The city becomes a battleground where every secret and betrayal is laid bare.","S004C11.jpg","Expose the corruption",12,"Maintain the cover of anonymity",12
S004,12,"Story S004, Chapter 12: Infiltrating the enemy stronghold, you risk everything to uncover the truth. Danger lurks at every corner in this high-stakes game.","S004C12.jpg","Sneak into the stronghold",13,"Create a diversion to cover your entry",13
S004,13,"Story S004, Chapter 13: The final showdown looms. With every ounce of resolve, you prepare for the battle that will decide the fate of the futuristic city.","S004C13.jpg","Prepare for the ultimate battle",14,"Seek a diplomatic resolution",14
S004,14,"Story S004, Chapter 14: As the city trembles under the weight of revolution, every moment is a battle between hope and despair. The future is uncertain, but the fight is inevitable.","S004C14.jpg","Lead the charge into the fray",15,"Call for reinforcements",15
S004,15,"Story S004, Chapter 15: At the break of a new dawn, freedom is won through sacrifice and valor. The revolution leaves the city forever transformed.","S004C15.jpg",,,
S005,1,"Story S005, Chapter 1: In a realm where magic is woven into the very fabric of existence, your epic begins. Ancient spells and mythical creatures beckon you to a world of wonder.","S005C01.jpg","Embrace the magic within you",2,"Step cautiously into the enchanted realm",2
S005,2,"Story S005, Chapter 2: Mystical creatures roam the enchanted forest, their eyes filled with secrets of the past. Every rustle of the leaves hints at legends waiting to be told.","S005C02.jpg","Follow the luminous trail through the forest",3,"Hide among the ancient trees",3
S005,3,"Story S005, Chapter 3: You discover a forgotten spellbook filled with cryptic runes and powerful incantations. The magic stirs within you, promising transformation.","S005C03.jpg","Study the spellbook intently",4,"Ask the forest spirit for guidance",4
S005,4,"Story S005, Chapter 4: A hidden glen opens before you, revealing a path to untold power. The glen is alive with magic, and its beauty is both mesmerizing and dangerous.","S005C04.jpg","Step into the hidden glen",5,"Circle the glen and observe",5
S005,5,"Story S005, Chapter 5: The magic within you begins to awaken, filling your heart with fiery passion and a deep longing for the arcane. Every fiber of your being vibrates with newfound energy.","S005C05.jpg","Let the magic surge through you",6,"Keep your emotions guarded",6
S005,6,"Story S005, Chapter 6: A trial of wisdom and courage awaits as you face challenges designed to test your mastery of the mystical arts. The forest itself seems to judge your every move.","S005C06.jpg","Confront the mystical trial head-on",7,"Search for hints in the surroundings",7
S005,7,"Story S005, Chapter 7: A wise mentor, steeped in ancient lore, appears to impart forgotten secrets. His cryptic words echo in your mind, urging you to unlock the true potential of your power.","S005C07.jpg","Absorb the mentor’s wisdom",8,"Question the mentor’s cryptic advice",8
S005,8,"Story S005, Chapter 8: Enchanted winds carry you to a sacred site where the very earth pulses with magic. The site radiates an aura of both beauty and danger.","S005C08.jpg","Follow the enchanted winds",9,"Resist the pull of the sacred site",9
S005,9,"Story S005, Chapter 9: In the heart of the magical realm, forces of pure arcane energy clash around you. The very air crackles with power as ancient battles are echoed in the present.","S005C09.jpg","Stand firm amidst the clash of magic",10,"Retreat and gather your strength",10
S005,10,"Story S005, Chapter 10: Epic battles of arcane might test your resolve, challenging your understanding of magic and your ability to harness its power. The fate of the enchanted realm hangs in the balance.","S005C10.jpg","Charge boldly into battle",11,"Conserve your energy and strategize",11
S005,11,"Story S005, Chapter 11: A shimmering portal materializes before you—a gateway to another realm filled with both wonder and peril. The choice to step through promises transformation beyond imagining.","S005C11.jpg","Step through the mystical portal",12,"Study the portal’s aura first",12
S005,12,"Story S005, Chapter 12: You cross the threshold into the unknown, where every moment brims with magical potential and the promise of discovery. The realm beyond is as beautiful as it is dangerous.","S005C12.jpg","Embrace the mystery of the new realm",13,"Hesitate to observe your surroundings",13
S005,13,"Story S005, Chapter 13: Challenges of magic and might converge as you navigate this alien world. Your inner strength is tested in ways you never imagined.","S005C13.jpg","Unite your strengths and forge ahead",14,"Focus on defensive tactics",14
S005,14,"Story S005, Chapter 14: The enchantment reaches its zenith, and the forces of the realm are unleashed in a dazzling display of power and light. The air vibrates with pure energy.","S005C14.jpg","Let the magic peak and guide you",15,"Hold your ground against the surge",15
S005,15,"Story S005, Chapter 15: Your magical journey reaches a crescendo, culminating in a profound and wondrous transformation that leaves you forever changed.","S005C15.jpg",,,
S006,1,"Story S006, Chapter 1: In a realm powered by steam and gears, your steampunk saga begins. The clatter of machinery and the hiss of steam create a symphony of industrial innovation.","S006C01.jpg","Explore the bustling mechanical city",2,"Observe the intricate gears",2
S006,2,"Story S006, Chapter 2: The city’s streets are alive with the pulse of invention. Steam-powered carriages and clockwork wonders fill the urban landscape, each more fascinating than the last.","S006C02.jpg","Join the secret society of inventors",3,"Walk the industrial pathways",3
S006,3,"Story S006, Chapter 3: You uncover a hidden workshop where ingenious inventors work on marvels that blur the line between art and machinery. The air is thick with creative energy.","S006C03.jpg","Enter the secret workshop",4,"Document the mechanical marvels",4
S006,4,"Story S006, Chapter 4: Intricate machines reveal hidden messages encoded in their very design. Each gear and piston whispers secrets of the past and dreams of the future.","S006C04.jpg","Decode the machine messages",5,"Set aside the cryptic signals",5
S006,5,"Story S006, Chapter 5: A complex clockwork mechanism offers a tantalizing clue to a grand invention that could change everything. Its rhythmic ticking is both mesmerizing and ominous.","S006C05.jpg","Examine the clockwork closely",6,"Note the mechanism for later study",6
S006,6,"Story S006, Chapter 6: The heart of the city beats in a massive steam engine, a marvel of engineering that powers the metropolis. Its thunderous pulse echoes through the streets.","S006C06.jpg","Feel the pulse of the engine",7,"Search for its control systems",7
S006,7,"Story S006, Chapter 7: In secret workshops, art and invention merge in unexpected ways. The blend of creativity and engineering inspires you to think beyond conventional boundaries.","S006C07.jpg","Collaborate with the innovative artists",8,"Keep your distance and observe",8
S006,8,"Story S006, Chapter 8: Racing through cobblestone streets on a steam carriage, you feel the rush of adrenaline and the promise of adventure. The city blurs past in a whirlwind of color and motion.","S006C08.jpg","Race through the bustling streets",9,"Take a detour to explore side alleys",9
S006,9,"Story S006, Chapter 9: Rival inventors challenge your ideas at every turn, their competitive spirit fueling a battle of wits and innovation. The clash is fierce and full of surprises.","S006C09.jpg","Defend your inventive ideas",10,"Adapt and change your strategy",10
S006,10,"Story S006, Chapter 10: The battle of gears reaches a fever pitch as innovation collides with tradition. The air is electric with the sound of clashing machinery.","S006C10.jpg","Push the limits of invention",11,"Hold back to observe the chaos",11
S006,11,"Story S006, Chapter 11: Secrets of the past intertwine with futuristic dreams, creating a tapestry of innovation that defies time. The legacy of invention is palpable.","S006C11.jpg","Unlock ancient design secrets",12,"Focus on modern breakthroughs",12
S006,12,"Story S006, Chapter 12: A mysterious device, long hidden, is revealed—a contraption that promises to change the very fabric of reality. Its potential is both awe-inspiring and dangerous.","S006C12.jpg","Activate the mysterious device",13,"Secure the device for further study",13
S006,13,"Story S006, Chapter 13: A turning point in mechanical destiny unfolds as you harness the power of the device. The fate of the steampunk realm seems to rest on your next move.","S006C13.jpg","Embrace the innovation",14,"Reconsider your next step",14
S006,14,"Story S006, Chapter 14: The realm of steam and gears reaches a dramatic climax, its future hanging in the balance as rival forces converge.","S006C14.jpg","Join the final showdown",15,"Step aside and observe",15
S006,15,"Story S006, Chapter 15: Your steampunk saga concludes in a burst of creativity and innovation, leaving the city forever transformed by your daring deeds.","S006C15.jpg",,,
S007,1,"Story S007, Chapter 1: In a dystopian future, where surveillance is omnipresent and rebellion simmers in the shadows, your journey begins. The oppressive regime casts a long shadow over a crumbling city.","S007C01.jpg","Join the uprising against oppression",2,"Keep your head down in the chaos",2
S007,2,"Story S007, Chapter 2: Neon lights flicker in dark alleyways as a spark of resistance ignites. The city is alive with whispers of revolution and hidden hope.","S007C02.jpg","March forward with defiance",3,"Blend into the urban shadows",3
S007,3,"Story S007, Chapter 3: You join a band of rebels, each with a unique story of loss and determination. Together, you forge a plan to challenge the status quo and reclaim freedom.","S007C03.jpg","Fight for the cause with courage",4,"Remain a silent observer",4
S007,4,"Story S007, Chapter 4: The labyrinth of surveillance and secrets fuels your mission. Every step is a calculated risk as you navigate the digital and physical mazes of a broken society.","S007C04.jpg","Hack into the oppressive system",5,"Avoid detection at all costs",5
S007,5,"Story S007, Chapter 5: High-stakes heists become the tools of rebellion. Amid the neon glow, you plan daring operations to disrupt the regime and ignite hope among the oppressed.","S007C05.jpg","Plan a daring heist",6,"Scout for vulnerabilities quietly",6
S007,6,"Story S007, Chapter 6: Infiltrating the heart of the regime, you hack into its core systems. Data becomes your weapon as you expose the secrets of a corrupt government.","S007C06.jpg","Break into the mainframe",7,"Gather critical intelligence",7
S007,7,"Story S007, Chapter 7: Danger lurks in every digital shadow as you secure your network. The revolution depends on both bold actions and careful planning.","S007C07.jpg","Secure your digital traces",8,"Cover your tracks meticulously",8
S007,8,"Story S007, Chapter 8: The rebellion gathers momentum in the chaos. Amid the neon-lit streets and darkened alleys, the spark of hope grows into a blazing call to arms.","S007C08.jpg","Lead the charge with conviction",9,"Coordinate with fellow rebels",9
S007,9,"Story S007, Chapter 9: Every decision in this digital battleground brings you closer to freedom. The fight is as much about ideology as it is survival.","S007C09.jpg","Make your decisive move",10,"Delay for tactical advantage",10
S007,10,"Story S007, Chapter 10: The struggle intensifies with every step, as the boundaries between friend and foe blur in a world of shifting allegiances.","S007C10.jpg","Stand firm against oppression",11,"Fall back to regroup",11
S007,11,"Story S007, Chapter 11: Sacrifices and small victories pave your path. The bitter taste of loss is balanced by the hope of a brighter future.","S007C11.jpg","Honor the sacrifices made",12,"Celebrate the hard-won victories",12
S007,12,"Story S007, Chapter 12: The rebellion faces its greatest challenge as the regime unleashes its full might. The tension is palpable, and every moment counts.","S007C12.jpg","Rally the rebels for one final push",13,"Plan a counterattack in secret",13
S007,13,"Story S007, Chapter 13: In a climactic moment, you rally your comrades for a final stand against tyranny. The fate of the revolution hangs in the balance.","S007C13.jpg","Charge forward with unyielding resolve",14,"Organize a strategic retreat",14
S007,14,"Story S007, Chapter 14: Hope and despair collide in the darkness as the final battle approaches. The city trembles under the weight of impending change.","S007C14.jpg","Inspire your allies with a defiant cry",15,"Keep silent and act with precision",15
S007,15,"Story S007, Chapter 15: In one decisive moment, the revolution is won. The oppressive regime crumbles, leaving behind a city reborn in the fires of freedom.","S007C15.jpg",,,
S008,1,"Story S008, Chapter 1: A forgotten realm of fairytales opens before you, where magic and wonder blend in a tapestry of dreams. The air shimmers with possibilities and ancient enchantments.","S008C01.jpg","Step boldly through the enchanted portal",2,"Walk along the secret path",2
S008,2,"Story S008, Chapter 2: In this mystical land, magical creatures roam enchanted meadows, and every flower seems to hum a forgotten lullaby.","S008C02.jpg","Speak with a friendly fairy",3,"Admire the vibrant life quietly",3
S008,3,"Story S008, Chapter 3: You discover a hidden portal that promises access to a world of pure magic and endless wonder. Its allure is irresistible.","S008C03.jpg","Enter the mystical realm",4,"Observe the portal from a distance",4
S008,4,"Story S008, Chapter 4: The portal unveils breathtaking wonders beyond imagination—landscapes that defy logic and ignite the spark of adventure.","S008C04.jpg","Explore the wonders revealed",5,"Document the marvels meticulously",5
S008,5,"Story S008, Chapter 5: Every step in this magical realm is imbued with promise and peril. The landscape is a living story, unfolding before your very eyes.","S008C05.jpg","Embrace the magic with open arms",6,"Remain cautious and observant",6
S008,6,"Story S008, Chapter 6: The realm tests your belief in magic as surreal visions and ancient spells weave together to create an atmosphere of profound mystery.","S008C06.jpg","Challenge the enchantment",7,"Trust in the wonder around you",7
S008,7,"Story S008, Chapter 7: A benevolent fairy guide appears, offering you cryptic advice and hints of the destiny that lies ahead in this enchanted land.","S008C07.jpg","Follow the fairy’s advice",8,"Question the guidance offered",8
S008,8,"Story S008, Chapter 8: Sparkling lights and soft whispers guide your steps, as the magic of the realm grows deeper and the boundaries of reality blur.","S008C08.jpg","Chase the glittering lights",9,"Ignore the whispers and focus on the path",9
S008,9,"Story S008, Chapter 9: The enchantment reaches a crescendo as shadows dance alongside the brilliant glow. Every moment is charged with ancient power.","S008C09.jpg","Step into the dancing shadows",10,"Remain in the radiant light",10
S008,10,"Story S008, Chapter 10: An ancient spellbook, filled with cryptic runes and timeless lore, lies before you. Its pages promise the secrets of a bygone era.","S008C10.jpg","Read the ancient spellbook",11,"Copy the mysterious runes",11
S008,11,"Story S008, Chapter 11: You unravel the mystery of a cursed melody that echoes through the enchanted realm, its notes carrying both sorrow and hope.","S008C11.jpg","Follow the haunting melody",12,"Silence the cursed notes",12
S008,12,"Story S008, Chapter 12: The land of fairytales slowly reveals itself as your destiny. The magic is woven into every element, urging you to embrace the journey ahead.","S008C12.jpg","Accept your enchanted destiny",13,"Attempt to rewrite the unfolding tale",13
S008,13,"Story S008, Chapter 13: With every decision, the magic grows stronger, and the challenges become more intricate. The realm tests both your heart and your resolve.","S008C13.jpg","Empower the magic with your choices",14,"Question the source of the magic",14
S008,14,"Story S008, Chapter 14: Trials of heart and hope force you to confront your deepest fears and desires. The fairytale realm is as perilous as it is beautiful.","S008C14.jpg","Overcome the trial with courage",15,"Seek inner guidance to prevail",15
S008,15,"Story S008, Chapter 15: The fairytale realm crowns your adventure with wonder, leaving you with memories of magic that will forever echo in your soul.","S008C15.jpg",,,
S009,1,"Story S009, Chapter 1: A wild frontier calls you to unexplored lands where the spirit of adventure roams free. Vast, open spaces and untamed nature promise both challenge and discovery.","S009C01.jpg","Venture boldly into the open plains",2,"Stay near the familiar base",2
S009,2,"Story S009, Chapter 2: Under an endless sky, the vast plains stretch before you like a canvas of possibility. The wind sings tales of the wild, urging you forward.","S009C02.jpg","Sprint across the rolling plains",3,"Walk steadily to observe the landscape",3
S009,3,"Story S009, Chapter 3: You track elusive creatures across rugged terrain, each footprint a clue in the grand tapestry of nature’s secrets.","S009C03.jpg","Follow the mysterious tracks",4,"Set up a careful lookout",4
S009,4,"Story S009, Chapter 4: The wind carries the whispers of ancient lands as it sweeps over the rugged terrain. Every breeze hints at stories lost in time.","S009C04.jpg","Listen intently to the wind",5,"Ignore the eerie whispers",5
S009,5,"Story S009, Chapter 5: Hidden deep within a canyon, you discover a place of refuge that holds secrets of the earth. The canyon is as much a sanctuary as it is a mystery.","S009C05.jpg","Descend into the hidden canyon",6,"Skirt along the canyon’s edge",6
S009,6,"Story S009, Chapter 6: A fragile bridge spans a raging river, testing your resolve and balance. The crossing is perilous but promises passage to new discoveries.","S009C06.jpg","Cross the fragile bridge",7,"Search for an alternative crossing",7
S009,7,"Story S009, Chapter 7: The untamed wilderness challenges your survival skills with every step. The raw beauty and danger of nature are laid bare before you.","S009C07.jpg","Hunker down and conserve energy",8,"Push forward with determination",8
S009,8,"Story S009, Chapter 8: A sudden storm erupts, forcing you to seek shelter. The fury of nature is both awe-inspiring and terrifying, compelling you to act quickly.","S009C08.jpg","Find shelter amidst the chaos",9,"Brave the storm with caution",9
S009,9,"Story S009, Chapter 9: Amid the storm’s fury, a new path emerges, illuminated by a shaft of light breaking through the clouds. This unexpected route promises hope and renewal.","S009C09.jpg","Take the new, illuminated path",10,"Reassess your current route",10
S009,10,"Story S009, Chapter 10: Your unwavering determination leads you to a hidden valley where nature sings with the spirit of life. The valley is a sanctuary of hope in the wild.","S009C10.jpg","Enter the serene valley",11,"Circle around the valley to scout",11
S009,11,"Story S009, Chapter 11: In the valley, the natural world reveals its timeless spirit. Every rustle, every chirp speaks of an ancient legacy that transcends time.","S009C11.jpg","Listen to the valley's song",12,"Document the natural wonders",12
S009,12,"Story S009, Chapter 12: With each step, you carve your destiny amidst the wild expanse. The rugged terrain and untamed elements forge a path of resilience and freedom.","S009C12.jpg","Embrace the wilderness with passion",13,"Tame your impulses with care",13
S009,13,"Story S009, Chapter 13: The frontier unveils its raw, untamed heart. Every element of nature, from the whispering winds to the towering peaks, challenges you to rise above.","S009C13.jpg","Breathe deeply in the freedom",14,"Question the challenges ahead",14
S009,14,"Story S009, Chapter 14: As you navigate the rugged frontier, the land and its mysteries push you to your limits. Each step is a test of your resolve and spirit.","S009C14.jpg","Push through the adversity",15,"Step back to reassess your journey",15
S009,15,"Story S009, Chapter 15: Your journey through the wild frontier becomes the stuff of legend—a tale of bravery, survival, and the indomitable human spirit.","S009C15.jpg",,,
S010,1,"Story S010, Chapter 1: In a realm of ice and snow, your quest begins amidst frozen landscapes and a silence that speaks of ancient cold. The chill in the air promises both beauty and danger.","S010C01.jpg","Step into the frozen world",2,"Stay close to the warmth of shelter",2
S010,2,"Story S010, Chapter 2: Frozen plains stretch out before you, glistening under a pale winter sun. Every surface sparkles with frost, and the horizon seems endless.","S010C02.jpg","Explore the icy plains",3,"Search for natural shelter",3
S010,3,"Story S010, Chapter 3: You traverse a treacherous glacier, where every step is a battle against nature’s fury. The path is slippery and unpredictable, yet you press on with determination.","S010C03.jpg","March boldly over the glacier",4,"Find a safer, alternative route",4
S010,4,"Story S010, Chapter 4: The biting wind carries ancient secrets as it sweeps over the frozen landscape. Each gust seems to whisper tales of a long-forgotten era.","S010C04.jpg","Let the wind guide your steps",5,"Ignore the haunting whispers",5
S010,5,"Story S010, Chapter 5: A mysterious cave emerges amidst the ice—a dark portal promising both refuge and peril. The cave’s entrance beckons with a silent invitation.","S010C05.jpg","Enter the mysterious cave",6,"Pass by the cave cautiously",6
S010,6,"Story S010, Chapter 6: Inside the cave, crystalline wonders sparkle like stars in the darkness. The beauty and fragility of the ice are mesmerizing, filling you with awe.","S010C06.jpg","Marvel at the sparkling crystals",7,"Search for secret passages",7
S010,7,"Story S010, Chapter 7: Deep within the icy cavern, you discover inscriptions carved into frozen stone. Their cryptic symbols tell stories of past glories and hidden perils.","S010C07.jpg","Decipher the ancient inscriptions",8,"Photograph the carvings for later study",8
S010,8,"Story S010, Chapter 8: The silence of the ice holds both a haunting beauty and an ever-present danger. Every sound and shadow seems amplified in this frozen world.","S010C08.jpg","Listen to the profound silence",9,"Stay alert for hidden dangers",9
S010,9,"Story S010, Chapter 9: A narrow passage in the glacier leads you deeper into the cold, its path winding through a maze of ice and uncertainty.","S010C09.jpg","Walk the narrow, winding passage",10,"Turn back and seek an alternate route",10
S010,10,"Story S010, Chapter 10: The glacier shifts unpredictably as you navigate its icy maze. The landscape is ever-changing, challenging your resolve with each step.","S010C10.jpg","Adapt quickly to the shifting ice",11,"Mark your route carefully",11
S010,11,"Story S010, Chapter 11: Every step on the frozen ground feels like a battle against the elements. The harsh cold tests your physical and mental endurance.","S010C11.jpg","Strive against the biting cold",12,"Conserve your strength for later",12
S010,12,"Story S010, Chapter 12: The frozen world confronts you with its raw power and beauty. Each moment is a test of your spirit as you push further into the icy wilderness.","S010C12.jpg","Embrace the challenge with courage",13,"Retreat to regroup and recover",13
S010,13,"Story S010, Chapter 13: Amid the endless frost, a small flame of hope flickers. This glimmer of warmth inspires you to persevere even as the cold seems all-consuming.","S010C13.jpg","Nurture the spark of hope within",14,"Shield yourself from the relentless cold",14
S010,14,"Story S010, Chapter 14: The ice reveals hidden dangers and secret opportunities alike. The interplay of peril and possibility creates a landscape of breathtaking contrasts.","S010C14.jpg","Seek out the hidden opportunities",15,"Avoid the lurking dangers",15
S010,15,"Story S010, Chapter 15: Your icy odyssey concludes in a moment of quiet majesty. The trials you have overcome echo in the silent expanse, leaving you forever changed.","S010C15.jpg",,,
S011,1,"Story S011, Chapter 1: In a bustling medieval kingdom, your saga begins among cobblestone streets and vibrant markets. The kingdom’s rich history and turbulent politics set the stage for an epic quest.","S011C01.jpg","Step into the lively streets",2,"Seek an audience at the royal court",2
S011,2,"Story S011, Chapter 2: The markets are alive with color, sound, and the scents of exotic spices. Every stall and alleyway holds a secret, promising adventure and intrigue.","S011C02.jpg","Browse the bustling market stalls",3,"Head directly toward the imposing castle",3
S011,3,"Story S011, Chapter 3: A grand royal procession winds its way through the city. Nobles and commoners alike watch in awe as the splendor of the kingdom unfolds before you.","S011C03.jpg","Join the royal procession",4,"Watch the procession from a distance",4
S011,4,"Story S011, Chapter 4: The castle looms large, its ancient walls steeped in intrigue and mystery. Every stone seems to whisper tales of power, betrayal, and honor.","S011C04.jpg","Explore the castle grounds",5,"Investigate the circulating rumors",5
S011,5,"Story S011, Chapter 5: Hidden passageways within the castle hint at secrets long kept. The very air seems charged with stories of lost heroes and forgotten tragedies.","S011C05.jpg","Search the secret passageways",6,"Leave them undisturbed",6
S011,6,"Story S011, Chapter 6: A mysterious letter arrives, its contents promising adventure and danger. The handwritten words stir your curiosity and set you on a path of destiny.","S011C06.jpg","Open the mysterious letter",7,"Ignore its ominous summons",7
S011,7,"Story S011, Chapter 7: In the castle’s dark dungeon, danger and opportunity intertwine. The echoes of past prisoners and whispered secrets create an atmosphere of palpable tension.","S011C07.jpg","Brave the dungeon’s depths",8,"Plan your cautious escape",8
S011,8,"Story S011, Chapter 8: Amid the shadows of the throne room, alliances are forged in secrecy. Trust and betrayal mix as you decide who to join in your quest.","S011C08.jpg","Form an alliance with the conspirators",9,"Strike out alone",9
S011,9,"Story S011, Chapter 9: On the battlefield outside the castle, honor and betrayal collide. The clash of swords and the cries of warriors create a symphony of chaos and valor.","S011C09.jpg","Fight with unwavering honor",10,"Focus solely on survival",10
S011,10,"Story S011, Chapter 10: The fate of the kingdom now rests on your decisions. Every choice you make will echo through the halls of power, shaping the future.","S011C10.jpg","Make a bold decision to change fate",11,"Weigh every consequence carefully",11
S011,11,"Story S011, Chapter 11: In the castle’s hallowed halls, every whisper and echo is a reminder of the weight of leadership. Your words and actions carry immense power.","S011C11.jpg","Speak with authority",12,"Listen to the quiet whispers",12
S011,12,"Story S011, Chapter 12: The castle unveils a secret that shakes the very foundations of the realm. Hidden truths come to light, challenging everything you thought you knew.","S011C12.jpg","Uncover the shocking secret",13,"Keep the secret hidden",13
S011,13,"Story S011, Chapter 13: An ancient prophecy begins to unfold before your eyes. The words of destiny resonate in your heart, urging you to rise to your true potential.","S011C13.jpg","Interpret the ancient prophecy",14,"Question the meaning behind the prophecy",14
S011,14,"Story S011, Chapter 14: The battle for the kingdom intensifies as enemies close in from every side. Courage, honor, and sacrifice are the only weapons you have left.","S011C14.jpg","Lead the charge with valor",15,"Stand firm and resist",15
S011,15,"Story S011, Chapter 15: Your medieval saga reaches its climactic end, marked by glory, sacrifice, and the enduring legacy of your actions. The kingdom is forever changed by your journey.","S011C15.jpg",,,
S012,1,"Story S012, Chapter 1: In a futuristic cyber-world, your quest ignites amid digital landscapes and neon visions. The virtual realm is as unpredictable as it is mesmerizing.","S012C01.jpg","Enter the digital realm with resolve",2,"Remain in the safety of the shadows",2
S012,2,"Story S012, Chapter 2: Neon lights and futuristic cityscapes surround you as you navigate a world where data streams and human emotions collide. The future is at your fingertips.","S012C02.jpg","Explore the neon maze",3,"Avoid the glaring lights",3
S012,3,"Story S012, Chapter 3: You hack into a secret network of rebels, where the boundaries between man and machine blur. Every keystroke could spark a revolution.","S012C03.jpg","Access the rebel network",4,"Maintain a low profile",4
S012,4,"Story S012, Chapter 4: Virtual reality merges with tangible danger as you step into a world where every digital decision has real-world consequences.","S012C04.jpg","Dive headfirst into cyberspace",5,"Log out for a brief moment",5
S012,5,"Story S012, Chapter 5: A rogue AI challenges the established order, questioning everything you thought was true about the digital world. Its presence is both menacing and magnetic.","S012C05.jpg","Confront the rogue AI",6,"Gather more data before acting",6
S012,6,"Story S012, Chapter 6: Amid swirling codes and chaotic data streams, the digital frontier reveals endless possibilities. The lines between reality and simulation blur with every moment.","S012C06.jpg","Embrace the chaotic code",7,"Organize your thoughts and strategy",7
S012,7,"Story S012, Chapter 7: Hidden threats lurk in the virtual depths. Your every move is watched by unseen eyes in this high-stakes game of digital survival.","S012C07.jpg","Scan for digital threats",8,"Hide your traces in the system",8
S012,8,"Story S012, Chapter 8: You engage in virtual battles where every decision sends ripples through cyberspace. The outcome of these encounters could shape the future of humanity.","S012C08.jpg","Engage boldly in cyber battles",9,"Analyze the data streams carefully",9
S012,9,"Story S012, Chapter 9: The boundary between human and machine blurs as you integrate with the digital realm. Your identity and purpose merge with lines of code.","S012C09.jpg","Merge with the digital frontier",10,"Retain your individuality",10
S012,10,"Story S012, Chapter 10: Every choice you make alters the digital landscape. The cyber realm is a living, breathing entity that responds to your every command.","S012C10.jpg","Modify the code with conviction",11,"Stabilize the network with care",11
S012,11,"Story S012, Chapter 11: The cyber-rebellion gathers strength as digital alliances are forged. The spark of revolution ignites in the virtual underworld.","S012C11.jpg","Boost the digital rebellion",12,"Plan a calculated countermeasure",12
S012,12,"Story S012, Chapter 12: Amid virtual betrayals and shifting loyalties, the future of humanity hangs in the balance. The power of data is both a gift and a curse.","S012C12.jpg","Forge a new digital alliance",13,"Break the old bonds",13
S012,13,"Story S012, Chapter 13: At the edge of the virtual realm, the fate of the human race is uncertain. Every line of code pulses with potential revolution.","S012C13.jpg","Fight for digital freedom",14,"Preserve the established order",14
S012,14,"Story S012, Chapter 14: In a final confrontation, the last firewall of oppression is challenged. The battle is fierce, and the outcome is anyone’s guess.","S012C14.jpg","Launch a decisive attack",15,"Defend the system with strategy",15
S012,15,"Story S012, Chapter 15: Your cyber journey concludes in a blaze of digital revolution, leaving behind a transformed virtual world and a new era of possibility.","S012C15.jpg",,,
S013,1,"Story S013, Chapter 1: In a realm of dreams and shadows, your odyssey begins. Ethereal landscapes and surreal visions beckon, promising to reveal the mysteries of the subconscious.","S013C01.jpg","Step boldly into the dream",2,"Stay anchored in reality",2
S013,2,"Story S013, Chapter 2: Ethereal mists shift and change with every breath, blurring the line between fantasy and reality. The dreamscape is both enchanting and unpredictable.","S013C02.jpg","Embrace the shifting mists",3,"Resist the overwhelming visions",3
S013,3,"Story S013, Chapter 3: Wandering through surreal landscapes, you encounter visions that seem to whisper secrets of a forgotten past. Each step is a step deeper into the unknown.","S013C03.jpg","Follow the enigmatic visions",4,"Question their hidden meanings",4
S013,4,"Story S013, Chapter 4: The very fabric of reality feels fragile and profound, as if the world itself is on the verge of transformation. You sense that destiny is being woven around you.","S013C04.jpg","Touch the delicate fabric of dreams",5,"Step back to preserve clarity",5
S013,5,"Story S013, Chapter 5: Faint whispers of forgotten dreams guide your steps, urging you to remember what has long been lost. The echoes of the past stir emotions deep within you.","S013C05.jpg","Heed the soft whispers",6,"Ignore the echoes and move forward",6
S013,6,"Story S013, Chapter 6: A spectral guide emerges from the shadows, offering cryptic advice that seems to come from another world. His words are both a blessing and a riddle.","S013C06.jpg","Listen closely to the spectral guide",7,"Challenge the mysterious advice",7
S013,7,"Story S013, Chapter 7: You navigate through a labyrinth of illusions where every turn deepens the mystery. The path is twisting and ever-changing, as if guided by dreams.","S013C07.jpg","Follow the winding labyrinth",8,"Search for a clear exit",8
S013,8,"Story S013, Chapter 8: Each turn in the labyrinth reveals more layers of enigma. The interplay of shadow and light creates a tapestry of fate that both confounds and inspires you.","S013C08.jpg","Embrace the enigma",9,"Seek a moment of clarity",9
S013,9,"Story S013, Chapter 9: Shadows and light merge into a mesmerizing tapestry of destiny. The boundaries between fantasy and truth blur as you delve deeper into the dream world.","S013C09.jpg","Admire the intricate tapestry",10,"Attempt to unravel its secrets",10
S013,10,"Story S013, Chapter 10: The dreamscape challenges your perception of reality, forcing you to confront both your deepest fears and highest hopes. Every decision reverberates like a ripple in time.","S013C10.jpg","Test your limits within the dream",11,"Redefine your understanding of reality",11
S013,11,"Story S013, Chapter 11: Mysteries of the subconscious begin to unravel before you. The very essence of who you are is questioned as you venture further into the realm of dreams.","S013C11.jpg","Dive deeper into the subconscious",12,"Stay at the surface to observe",12
S013,12,"Story S013, Chapter 12: Every choice you make sends ripples through the dream world, echoing in the realm of the subconscious and altering the tapestry of your fate.","S013C12.jpg","Make a decisive choice",13,"Let the dream guide your path",13
S013,13,"Story S013, Chapter 13: The boundaries of fantasy and truth dissolve as you step beyond the limits of ordinary perception. The world transforms into a canvas of infinite possibility.","S013C13.jpg","Step boldly beyond the limits",14,"Hold on to the familiar",14
S013,14,"Story S013, Chapter 14: The dream world is a realm of both wonder and peril, where every vision holds a promise and a warning. Your heart races as you navigate this surreal landscape.","S013C14.jpg","Embrace the wonder with open arms",15,"Beware the hidden perils",15
S013,15,"Story S013, Chapter 15: Your odyssey through the realm of dreams reaches a poignant finale. The echoes of the dreamscape linger, leaving you with insights that blur the line between fantasy and reality.","S013C15.jpg",,,
S014,1,"Story S014, Chapter 1: In a mystical jungle, where nature and magic intertwine, your adventure begins. The air is filled with the scent of exotic blooms and the calls of unseen creatures.","S014C01.jpg","Venture into the heart of the jungle",2,"Stay on the established path",2
S014,2,"Story S014, Chapter 2: Lush foliage and ancient trees shelter hidden wonders. Every rustle of leaves speaks of the wild, untamed magic that thrives in this verdant realm.","S014C02.jpg","Explore the ancient grove",3,"Admire the living canopy from afar",3
S014,3,"Story S014, Chapter 3: A trail of luminous flowers guides you deeper into the jungle. Their soft glow illuminates a path filled with mystery and promise.","S014C03.jpg","Follow the glowing trail",4,"Wander off the trail to explore",4
S014,4,"Story S014, Chapter 4: The jungle pulses with the heartbeat of life. The vibrant sounds of nature create a symphony that fills you with wonder and awe.","S014C04.jpg","Listen to the jungle's pulse",5,"Move with cautious steps",5
S014,5,"Story S014, Chapter 5: A crystal-clear waterfall reveals a secret grove hidden among ancient trees. The cascading water reflects a world untouched by time.","S014C05.jpg","Step under the mesmerizing waterfall",6,"Circle around the grove and observe",6
S014,6,"Story S014, Chapter 6: Exotic birds and animals guide your journey through the jungle. Their graceful movements and vivid colors add to the magic of this wild sanctuary.","S014C06.jpg","Follow the animal tracks",7,"Observe the creatures from a distance",7
S014,7,"Story S014, Chapter 7: Amid the verdant wild, ancient ruins emerge as silent witnesses to a lost civilization. Their crumbling walls tell stories of glory and decay.","S014C07.jpg","Investigate the ancient ruins",8,"Document the site with care",8
S014,8,"Story S014, Chapter 8: The spirit of the jungle speaks through rustling leaves and whispering winds. It calls you to listen to the timeless wisdom of nature.","S014C08.jpg","Heed the voice of the jungle",9,"Ignore the whispers and press on",9
S014,9,"Story S014, Chapter 9: Lost lore of nature’s wisdom reveals itself as you study the ruins and the surrounding wilderness. Every fragment of history offers a lesson.","S014C09.jpg","Study the ancient lore",10,"Record your observations meticulously",10
S014,10,"Story S014, Chapter 10: Every step in the jungle echoes with primordial energy. The raw power of nature inspires you to push your limits and embrace the wild.","S014C10.jpg","Feel the energy surging through you",11,"Conserve your strength for the journey ahead",11
S014,11,"Story S014, Chapter 11: The jungle challenges your courage and heart. Amidst its beauty lie perils that test your resolve at every turn.","S014C11.jpg","Rise to the challenge with determination",12,"Retreat to recover your strength",12
S014,12,"Story S014, Chapter 12: Slowly, the secrets of the forest begin to unveil themselves. The interplay of light and shadow reveals hidden truths about the ancient wilderness.","S014C12.jpg","Uncover the hidden secrets",13,"Let some mysteries remain unsolved",13
S014,13,"Story S014, Chapter 13: Ancient magic infuses the very air you breathe. The power of nature is palpable, and every breath fills you with awe and reverence.","S014C13.jpg","Breathe in the ancient magic",14,"Shield yourself from its overwhelming force",14
S014,14,"Story S014, Chapter 14: The wild calls you deeper into its mysteries, urging you to lose yourself in the beauty and chaos of the jungle. Your heart pounds with the thrill of adventure.","S014C14.jpg","Answer the call of the wild",15,"Stay on the safe border",15
S014,15,"Story S014, Chapter 15: Your jungle adventure reaches a harmonious climax, where the beauty of nature and the wisdom of ages converge into a moment of pure wonder.","S014C15.jpg",,,
S015,1,"Story S015, Chapter 1: In a realm of towering mountains, your epic journey begins. The peaks, shrouded in mist, promise both daunting challenges and breathtaking beauty.","S015C01.jpg","Step boldly into the mountain world",2,"Stay in the valley for now",2
S015,2,"Story S015, Chapter 2: Snow-capped peaks and rugged trails test your endurance. The cold air carries the echoes of ancient legends and the promise of heroism.","S015C02.jpg","Climb the steep trail with determination",3,"Follow the winding path cautiously",3
S015,3,"Story S015, Chapter 3: You traverse steep cliffs and icy passes, each step a battle against nature’s relentless fury. The environment demands both strength and perseverance.","S015C03.jpg","Cross the treacherous icy pass",4,"Search for a safer alternative",4
S015,4,"Story S015, Chapter 4: The mountains whisper tales of ancient heroes whose legends still resonate in the winds. Their voices seem to guide you towards your destiny.","S015C04.jpg","Listen to the timeless legends",5,"Forge your own path independent of the past",5
S015,5,"Story S015, Chapter 5: A narrow, hidden path leads you to a secluded valley, a place of both refuge and mystery. The valley promises unexpected revelations.","S015C05.jpg","Venture into the hidden valley",6,"Circle the mountain base and observe",6
S015,6,"Story S015, Chapter 6: The brutal cold and biting winds test your every step. Each gust is a challenge, a reminder of nature’s indomitable power.","S015C06.jpg","Push through the harsh elements",7,"Seek shelter until the storm subsides",7
S015,7,"Story S015, Chapter 7: Amidst the towering peaks, you discover a secluded monastery, a beacon of serenity and ancient wisdom. The monks here seem to hold the secrets of the mountain spirit.","S015C07.jpg","Enter the serene monastery",8,"Observe the monastic life from afar",8
S015,8,"Story S015, Chapter 8: The monks share their wisdom, speaking of a deep, unyielding connection to the mountains. Their words inspire you and fill you with a sense of purpose.","S015C08.jpg","Learn from the wise monks",9,"Contemplate their teachings in silence",9
S015,9,"Story S015, Chapter 9: A sudden blizzard forces you to seek shelter in a nearby cave. The fury of the storm contrasts sharply with the calm within, offering a moment of introspection.","S015C09.jpg","Find refuge in the cave",10,"Brave the storm despite the danger",10
S015,10,"Story S015, Chapter 10: In the quiet of the cave, ancient prophecies seem to come alive. The stories of old echo off the walls, urging you to embrace the challenges ahead.","S015C10.jpg","Study the ancient prophecies",11,"Rest and gather strength",11
S015,11,"Story S015, Chapter 11: The mountain reveals a dual nature—its sublime beauty is matched by hidden dangers. Every vista is both inspiring and intimidating.","S015C11.jpg","Marvel at the breathtaking view",12,"Remain cautious of unseen perils",12
S015,12,"Story S015, Chapter 12: With determination as your guide, you climb ever higher, your resolve forged in the relentless cold. The summit calls to you like a distant dream.","S015C12.jpg","Summit with unwavering determination",13,"Pause to reassess your route",13
S015,13,"Story S015, Chapter 13: Every step in the thin mountain air is a testament to your indomitable spirit. The journey tests your limits and redefines your inner strength.","S015C13.jpg","Embody the mountain spirit",14,"Gather your inner strength quietly",14
S015,14,"Story S015, Chapter 14: As you approach the summit, the challenges become more acute and the landscape more dramatic. The peak looms as the final test of your endurance.","S015C14.jpg","Ascend to the summit with courage",15,"Prepare for the final ascent with care",15
S015,15,"Story S015, Chapter 15: Your mountain odyssey concludes in a moment of triumphant silence. The journey leaves you transformed—forever marked by the majesty and mystery of the towering peaks.","S015C15.jpg",,,
S016,1,"Story S016, Chapter 1: In a haunted graveyard shrouded in mist and sorrow, your dark quest begins. The tombstones and eerie silence evoke tales of loss and lingering spirits.","S016C01.jpg","Step into the ghostly graveyard",2,"Stay at the edge of the graveyard",2
S016,2,"Story S016, Chapter 2: Fog and eerie silence cloak ancient tombs, each one a monument to lives long past. The atmosphere is heavy with melancholy and mystery.","S016C02.jpg","Wander among the tombstones",3,"Keep to the well-lit paths",3
S016,3,"Story S016, Chapter 3: As you wander through the graveyard, restless spirits seem to whisper in the darkness. Their voices are both mournful and foretelling.","S016C03.jpg","Listen to the sorrowful whispers",4,"Focus on your own path",4
S016,4,"Story S016, Chapter 4: Cryptic inscriptions on weathered stones hint at long-forgotten secrets and curses. The very air feels charged with spectral energy.","S016C04.jpg","Decipher the cryptic inscriptions",5,"Ignore the ominous hints",5
S016,5,"Story S016, Chapter 5: An ancient mausoleum emerges from the mist, its grandeur faded but its mystery intact. It stands as a silent testament to a tragic past.","S016C05.jpg","Enter the looming mausoleum",6,"Circle around and observe",6
S016,6,"Story S016, Chapter 6: The air grows colder and the whispers louder as ghostly presences make themselves known. Every step is a descent into a world of sorrow and enigma.","S016C06.jpg","Follow the ghostly whispers",7,"Proceed with guarded caution",7
S016,7,"Story S016, Chapter 7: Shadows lead you to a cursed crypt hidden beneath tangled vines. The crypt promises dark secrets and dire consequences.","S016C07.jpg","Enter the cursed crypt",8,"Turn back to the open graveyard",8
S016,8,"Story S016, Chapter 8: Within the crypt, relics of a tragic past lie scattered among dusty remains. Each artifact carries a story of love, loss, and despair.","S016C08.jpg","Examine the tragic relics",9,"Leave the relics undisturbed",9
S016,9,"Story S016, Chapter 9: A spectral light glows from deeper within the crypt, guiding you towards hidden chambers filled with forbidden knowledge.","S016C09.jpg","Follow the ghostly light",10,"Resist the lure and retreat",10
S016,10,"Story S016, Chapter 10: The spirits of the grave speak in chilling warnings, their voices echoing through the dark corridors of the crypt. Their messages are cryptic and foreboding.","S016C10.jpg","Heed the ghostly warnings",11,"Dismiss the eerie voices",11
S016,11,"Story S016, Chapter 11: Each step within the crypt echoes with sorrow and mystery, as if the very walls remember the pain of lost souls.","S016C11.jpg","Move deeper into the crypt",12,"Withdraw to gather strength",12
S016,12,"Story S016, Chapter 12: The darkness reveals its true, haunting nature. Every shadow conceals a secret, every echo a memory of past tragedies.","S016C12.jpg","Embrace the darkness and learn",13,"Retreat from the overwhelming gloom",13
S016,13,"Story S016, Chapter 13: A spectral guide appears, offering cryptic counsel. His presence is both comforting and terrifying, a harbinger of the truths to come.","S016C13.jpg","Listen intently to the guide",14,"Challenge the spectral counsel",14
S016,14,"Story S016, Chapter 14: The veil between the living and the dead grows perilously thin. The boundary blurs, and you sense that your own fate is intertwined with the spirits around you.","S016C14.jpg","Step boldly through the thinning veil",15,"Hesitate and hold your ground",15
S016,15,"Story S016, Chapter 15: Your eerie quest in the haunted graveyard concludes amidst ghostly whispers and lingering regrets, leaving you with secrets that will haunt you forever.","S016C15.jpg",,,
S017,1,"Story S017, Chapter 1: In a vibrant carnival of dreams, your journey begins amid dazzling lights, surreal parades, and the intoxicating blend of joy and mystery. The air pulses with laughter and hidden secrets.","S017C01.jpg","Step into the carnival with excitement",2,"Stay on the outskirts to observe",2
S017,2,"Story S017, Chapter 2: Colorful lights and jubilant music fill the air as fantastical attractions reveal themselves. Every booth and tent is a portal to a different dream.","S017C02.jpg","Explore the fantastical attractions",3,"Watch the carnival from afar",3
S017,3,"Story S017, Chapter 3: You enter a tent of wonder where illusions and reality merge. The environment is playful yet mysterious, hinting at secrets beneath the surface.","S017C03.jpg","Enter the tent of wonders",4,"Survey the surroundings before entering",4
S017,4,"Story S017, Chapter 4: The carnival reveals secret passages and hidden delights that defy logic. Every corner holds a surprise, inviting you to lose yourself in its magic.","S017C04.jpg","Venture into the secret passages",5,"Stick to the main attractions",5
S017,5,"Story S017, Chapter 5: Every attraction tells its own story—a tale of magic, mirth, and sometimes sorrow. The carnival is a living tapestry of human emotion and whimsical dreams.","S017C05.jpg","Immerse yourself in the magical tales",6,"Observe the stories from a distance",6
S017,6,"Story S017, Chapter 6: A mysterious tent beckons you with promises of puzzles and enchanted prizes. Its door, adorned with intricate designs, hints at secrets waiting to be uncovered.","S017C06.jpg","Enter the mysterious tent",7,"Keep your distance and watch",7
S017,7,"Story S017, Chapter 7: Inside the tent, puzzles and riddles challenge your wit and creativity. Every solved riddle reveals another layer of the carnival’s enigmatic allure.","S017C07.jpg","Solve the challenging puzzles",8,"Ask for a hint before proceeding",8
S017,8,"Story S017, Chapter 8: The carnival’s vibrant energy intensifies as laughter, music, and mystery blend into a surreal spectacle that captivates your senses.","S017C08.jpg","Join the luminous parades",9,"Take a quiet moment to reflect",9
S017,9,"Story S017, Chapter 9: As the carnival’s secrets begin to unravel, you find that every decision you make adds a twist to this fantastical tale, shaping a narrative that is uniquely yours.","S017C09.jpg","Make your choice boldly",10,"Consider the consequences carefully",10
S017,10,"Story S017, Chapter 10: The magic of the carnival empowers you with a joyful strength that carries you through its many challenges and delights.","S017C10.jpg","Let the magic uplift you",11,"Maintain your cautious resolve",11
S017,11,"Story S017, Chapter 11: In the heart of the carnival, every laugh and cheer builds a crescendo of hope and wonder, urging you to take a stand for joy.","S017C11.jpg","Embrace the jubilant energy",12,"Quietly observe the festive chaos",12
S017,12,"Story S017, Chapter 12: You face challenges that test your resolve in this playful realm. Each trial is wrapped in riddles and mirth, pushing you to grow with each step.","S017C12.jpg","Overcome the playful challenges",13,"Seek a moment of respite",13
S017,13,"Story S017, Chapter 13: The magic deepens as the carnival reveals its most mysterious secrets. Every twist in the tale leaves you with more questions than answers.","S017C13.jpg","Dive deeper into the mystery",14,"Hold on to the familiar",14
S017,14,"Story S017, Chapter 14: Luminous parades and surreal spectacles guide you through the carnival’s final act. The energy is electric, and every moment sparkles with possibility.","S017C14.jpg","Join the final parade",15,"Absorb the beauty from the sidelines",15
S017,15,"Story S017, Chapter 15: Your carnival adventure concludes in a burst of color and joy, leaving you with memories as vibrant as the lights that danced in the night.","S017C15.jpg",,,

